{
  "volume": -61.04,
  "dominant_freq": 4829.23,
  "version": "v0.9\u2011beta",
  "low": -8.662198329552574,
  "mid": 0.3631870949799312,
  "high": -3.341813079896763,
  "spectrum": {
    "20Hz": -37.15,
    "50Hz": -12.37,
    "100Hz": -14.15,
    "250Hz": -12.31,
    "500Hz": -24.61,
    "1000Hz": -26.17,
    "2000Hz": -19.22,
    "5000Hz": -18.09,
    "10000Hz": -19.55,
    "15000Hz": -20.37,
    "20000Hz": -28.42
  }
}