{
  "volume": -60.37,
  "dominant_freq": 4829.24,
  "version": "v0.9\u2011beta",
  "low": -10.775942512498336,
  "mid": 1.8292014486082322,
  "high": 1.527050572859131,
  "spectrum": {
    "20Hz": -20.22,
    "50Hz": -13.47,
    "100Hz": -38.33,
    "250Hz": -14.09,
    "500Hz": -18.85,
    "1000Hz": -32.63,
    "2000Hz": -29.54,
    "5000Hz": -10.94,
    "10000Hz": -16.65,
    "15000Hz": -27.72,
    "20000Hz": -22.52
  }
}